classifier,repeat,panel,panel_label,panel_size,panel_score,best_constituent_single,best_constituent_single_score,integration_gain,gain_positive
RF,0,mutations+cnv,Mutations+CNV,2,0.42394276620994714,cnv,0.4198383860179091,0.004104380192038015,True
RF,0,mutations+mrna,Mutations+mRNA,2,0.5654077390585105,mrna,0.6177285485669076,-0.052320809508397126,False
RF,0,mutations+rppa,Mutations+RPPA,2,0.47895190060056814,rppa,0.5252281889452297,-0.046276288344661576,False
RF,0,cnv+mrna,CNV+mRNA,2,0.6261584358255117,mrna,0.6177285485669076,0.008429887258604052,True
RF,0,cnv+rppa,CNV+RPPA,2,0.5470253083755889,rppa,0.5252281889452297,0.021797119430359224,True
RF,0,mrna+rppa,mRNA+RPPA,2,0.6053758675872982,mrna,0.6177285485669076,-0.012352680979609398,False
RF,0,mutations+cnv+mrna,Mutations+CNV+mRNA,3,0.5938809337576869,mrna,0.6177285485669076,-0.023847614809220707,False
RF,0,mutations+cnv+rppa,Mutations+CNV+RPPA,3,0.5049874536987089,rppa,0.5252281889452297,-0.020240735246520813,False
RF,0,mutations+mrna+rppa,Mutations+mRNA+RPPA,3,0.5737316503038803,mrna,0.6177285485669076,-0.04399689826302733,False
RF,0,cnv+mrna+rppa,CNV+mRNA+RPPA,3,0.6195425342539649,mrna,0.6177285485669076,0.0018139856870572624,True
RF,0,mutations+cnv+mrna+rppa,Mutations+CNV+mRNA+RPPA,4,0.5889215665120293,mrna,0.6177285485669076,-0.028806982054878305,False
RF,1,mutations+cnv,Mutations+CNV,2,0.4313139542201604,cnv,0.41967023591182073,0.011643718308339657,True
RF,1,mutations+mrna,Mutations+mRNA,2,0.5675013845434603,mrna,0.6362150807350667,-0.06871369619160639,False
RF,1,mutations+rppa,Mutations+RPPA,2,0.490287315244363,rppa,0.5404147831481282,-0.05012746790376521,False
RF,1,cnv+mrna,CNV+mRNA,2,0.6314698097601323,mrna,0.6362150807350667,-0.004745270974934379,False
RF,1,cnv+rppa,CNV+RPPA,2,0.5512623080519294,rppa,0.5404147831481282,0.010847524903801253,True
RF,1,mrna+rppa,mRNA+RPPA,2,0.6193290043873845,mrna,0.6362150807350667,-0.016886076347682244,False
RF,1,mutations+cnv+mrna,Mutations+CNV+mRNA,3,0.570929527636926,mrna,0.6362150807350667,-0.06528555309814077,False
RF,1,mutations+cnv+rppa,Mutations+CNV+RPPA,3,0.4925677527241342,rppa,0.5404147831481282,-0.047847030423993964,False
RF,1,mutations+mrna+rppa,Mutations+mRNA+RPPA,3,0.588878038803179,mrna,0.6362150807350667,-0.0473370419318877,False
RF,1,cnv+mrna+rppa,CNV+mRNA+RPPA,3,0.6434059274643076,mrna,0.6362150807350667,0.007190846729240863,True
RF,1,mutations+cnv+mrna+rppa,Mutations+CNV+mRNA+RPPA,4,0.5727381369798972,mrna,0.6362150807350667,-0.06347694375516955,False
RF,2,mutations+cnv,Mutations+CNV,2,0.41622875984464347,cnv,0.45884708436724575,-0.04261832452260228,False
RF,2,mutations+mrna,Mutations+mRNA,2,0.5911689952170317,mrna,0.6134701469054555,-0.022301151688423837,False
RF,2,mutations+rppa,Mutations+RPPA,2,0.49802171665407996,rppa,0.5393475024274463,-0.041325785773366375,False
RF,2,cnv+mrna,CNV+mRNA,2,0.6222378268061999,mrna,0.6134701469054555,0.00876767990074434,True
RF,2,cnv+rppa,CNV+RPPA,2,0.5284366391556083,rppa,0.5393475024274463,-0.01091086327183799,False
RF,2,mrna+rppa,mRNA+RPPA,2,0.6130905212716222,mrna,0.6134701469054555,-0.0003796256338333137,False
RF,2,mutations+cnv+mrna,Mutations+CNV+mRNA,3,0.5691769698277411,mrna,0.6134701469054555,-0.04429317707771441,False
RF,2,mutations+cnv+rppa,Mutations+CNV+RPPA,3,0.487997149998202,rppa,0.5393475024274463,-0.05135035242924435,False
RF,2,mutations+mrna+rppa,Mutations+mRNA+RPPA,3,0.5834353310317546,mrna,0.6134701469054555,-0.030034815873700937,False
RF,2,cnv+mrna+rppa,CNV+mRNA+RPPA,3,0.6106163690797282,mrna,0.6134701469054555,-0.002853777825727377,False
RF,2,mutations+cnv+mrna+rppa,Mutations+CNV+mRNA+RPPA,4,0.5773456773474306,mrna,0.6134701469054555,-0.03612446955802495,False
RF,3,mutations+cnv,Mutations+CNV,2,0.4274915893480059,cnv,0.40099166576761247,0.026499923580393436,True
RF,3,mutations+mrna,Mutations+mRNA,2,0.5525549277160426,mrna,0.6294175207681519,-0.0768625930521093,False
RF,3,mutations+rppa,Mutations+RPPA,2,0.47996337702736724,rppa,0.5346527268313734,-0.05468934980400619,False
RF,3,cnv+mrna,CNV+mRNA,2,0.6428724421908153,mrna,0.6294175207681519,0.013454921422663357,True
RF,3,cnv+rppa,CNV+RPPA,2,0.5549378933362104,rppa,0.5346527268313734,0.020285166504836916,True
RF,3,mrna+rppa,mRNA+RPPA,2,0.6156803412809724,mrna,0.6294175207681519,-0.013737179487179563,False
RF,3,mutations+cnv+mrna,Mutations+CNV+mRNA,3,0.5905958571582696,mrna,0.6294175207681519,-0.03882166360988237,False
RF,3,mutations+cnv+rppa,Mutations+CNV+RPPA,3,0.5099075457618585,rppa,0.5346527268313734,-0.024745181069514954,False
RF,3,mutations+mrna+rppa,Mutations+mRNA+RPPA,3,0.5802231452511958,mrna,0.6294175207681519,-0.04919437551695616,False
RF,3,cnv+mrna+rppa,CNV+mRNA+RPPA,3,0.6292543694033876,mrna,0.6294175207681519,-0.00016315136476430236,False
RF,3,mutations+cnv+mrna+rppa,Mutations+CNV+mRNA+RPPA,4,0.5932052585679866,mrna,0.6294175207681519,-0.03621226220016538,False
RF,4,mutations+cnv,Mutations+CNV,2,0.4345271064839788,cnv,0.45461151868234617,-0.020084412198367374,False
RF,4,mutations+mrna,Mutations+mRNA,2,0.5780148119178625,mrna,0.6357991108354011,-0.05778429891753856,False
RF,4,mutations+rppa,Mutations+RPPA,2,0.48036731308663283,rppa,0.534121421764304,-0.053754108677671164,False
RF,4,cnv+mrna,CNV+mRNA,2,0.6570181968569065,mrna,0.6357991108354011,0.021219086021505462,True
RF,4,cnv+rppa,CNV+RPPA,2,0.5523307125903549,rppa,0.534121421764304,0.01820929082605094,True
RF,4,mrna+rppa,mRNA+RPPA,2,0.6195430107526881,mrna,0.6357991108354011,-0.016256100082712943,False
RF,4,mutations+cnv+mrna,Mutations+CNV+mRNA,3,0.5682926241593844,mrna,0.6357991108354011,-0.06750648667601666,False
RF,4,mutations+cnv+rppa,Mutations+CNV+RPPA,3,0.4940645970439098,rppa,0.534121421764304,-0.04005682472039418,False
RF,4,mutations+mrna+rppa,Mutations+mRNA+RPPA,3,0.579868720106448,mrna,0.6357991108354011,-0.05593039072895312,False
RF,4,cnv+mrna+rppa,CNV+mRNA+RPPA,3,0.609205348473406,mrna,0.6357991108354011,-0.026593762361995066,False
RF,4,mutations+cnv+mrna+rppa,Mutations+CNV+mRNA+RPPA,4,0.5710231731218758,mrna,0.6357991108354011,-0.0647759377135253,False
RF,5,mutations+cnv,Mutations+CNV,2,0.41872260581867876,cnv,0.42089689196964797,-0.002174286150969207,False
RF,5,mutations+mrna,Mutations+mRNA,2,0.5809091595641386,mrna,0.6055419139065703,-0.02463275434243173,False
RF,5,mutations+rppa,Mutations+RPPA,2,0.48148538587406053,rppa,0.5366056838206207,-0.05512029794656015,False
RF,5,cnv+mrna,CNV+mRNA,2,0.6315563886791096,mrna,0.6055419139065703,0.026014474772539264,True
RF,5,cnv+rppa,CNV+RPPA,2,0.5388964334520085,rppa,0.5366056838206207,0.0022907496313878672,True
RF,5,mrna+rppa,mRNA+RPPA,2,0.6365814992627755,mrna,0.6055419139065703,0.031039585356205213,True
RF,5,mutations+cnv+mrna,Mutations+CNV+mRNA,3,0.5967276944654224,mrna,0.6055419139065703,-0.008814219441147908,False
RF,5,mutations+cnv+rppa,Mutations+CNV+RPPA,3,0.4878559535368792,rppa,0.5366056838206207,-0.048749730283741466,False
RF,5,mutations+mrna+rppa,Mutations+mRNA+RPPA,3,0.5923783354910634,mrna,0.6055419139065703,-0.01316357841550686,False
RF,5,cnv+mrna+rppa,CNV+mRNA+RPPA,3,0.6337428030711691,mrna,0.6055419139065703,0.02820088916459884,True
RF,5,mutations+cnv+mrna+rppa,Mutations+CNV+mRNA+RPPA,4,0.578277632430683,mrna,0.6055419139065703,-0.02726428147588733,False
RF,6,mutations+cnv,Mutations+CNV,2,0.4156961511489913,cnv,0.405894194807063,0.009801956341928264,True
RF,6,mutations+mrna,Mutations+mRNA,2,0.5750067608875463,mrna,0.6222940851224512,-0.04728732423490489,False
RF,6,mutations+rppa,Mutations+RPPA,2,0.48235345866148815,rppa,0.53188380623584,-0.04953034757435182,False
RF,6,cnv+mrna,CNV+mRNA,2,0.6340218290358542,mrna,0.6222940851224512,0.011727743913403033,True
RF,6,cnv+rppa,CNV+RPPA,2,0.5254212203761643,rppa,0.53188380623584,-0.006462585859675629,False
RF,6,mrna+rppa,mRNA+RPPA,2,0.62783626874528,mrna,0.6222940851224512,0.005542183622828767,True
RF,6,mutations+cnv+mrna,Mutations+CNV+mRNA,3,0.5821858210162909,mrna,0.6222940851224512,-0.04010826410616031,False
RF,6,mutations+cnv+rppa,Mutations+CNV+RPPA,3,0.5033139901823281,rppa,0.53188380623584,-0.02856981605351183,False
RF,6,mutations+mrna+rppa,Mutations+mRNA+RPPA,3,0.6033221041464379,mrna,0.6222940851224512,-0.01897198097601327,False
RF,6,cnv+mrna+rppa,CNV+mRNA+RPPA,3,0.6274437821411875,mrna,0.6222940851224512,0.005149697018736243,True
RF,6,mutations+cnv+mrna+rppa,Mutations+CNV+mRNA+RPPA,4,0.594245154097889,mrna,0.6222940851224512,-0.028048931024562185,False
RF,7,mutations+cnv,Mutations+CNV,2,0.41017822400834325,cnv,0.47461952026468157,-0.06444129625633832,False
RF,7,mutations+mrna,Mutations+mRNA,2,0.5746291626209228,mrna,0.6261169759413099,-0.0514878133203871,False
RF,7,mutations+rppa,Mutations+RPPA,2,0.49587015859315997,rppa,0.5307716267486604,-0.03490146815550044,False
RF,7,cnv+mrna,CNV+mRNA,2,0.6542647220124429,mrna,0.6261169759413099,0.028147746071133017,True
RF,7,cnv+rppa,CNV+RPPA,2,0.5348759619879887,rppa,0.5307716267486604,0.004104335239328294,True
RF,7,mrna+rppa,mRNA+RPPA,2,0.6317895359082246,mrna,0.6261169759413099,0.005672559966914736,True
RF,7,mutations+cnv+mrna,Mutations+CNV+mRNA,3,0.5866845039018952,mrna,0.6261169759413099,-0.03943247203941469,False
RF,7,mutations+cnv+rppa,Mutations+CNV+RPPA,3,0.4866364539504442,rppa,0.5307716267486604,-0.044135172798216216,False
RF,7,mutations+mrna+rppa,Mutations+mRNA+RPPA,3,0.5942527286294819,mrna,0.6261169759413099,-0.03186424731182802,False
RF,7,cnv+mrna+rppa,CNV+mRNA+RPPA,3,0.6601360898334951,mrna,0.6261169759413099,0.03401911389218526,True
RF,7,mutations+cnv+mrna+rppa,Mutations+CNV+mRNA+RPPA,4,0.5920359037292767,mrna,0.6261169759413099,-0.03408107221203316,False
RF,8,mutations+cnv,Mutations+CNV,2,0.4044056487575071,cnv,0.4477773986765922,-0.0433717499190851,False
RF,8,mutations+mrna,Mutations+mRNA,2,0.5708044377315065,mrna,0.6191019842126083,-0.04829754648110185,False
RF,8,mutations+rppa,Mutations+RPPA,2,0.48611643650879277,rppa,0.5534425594274823,-0.06732612291868956,False
RF,8,cnv+mrna,CNV+mRNA,2,0.6239882538569426,mrna,0.6191019842126083,0.004886269644334251,True
RF,8,cnv+rppa,CNV+RPPA,2,0.5512079782069264,rppa,0.5534425594274823,-0.0022345812205559756,False
RF,8,mrna+rppa,mRNA+RPPA,2,0.6179068714712124,mrna,0.6191019842126083,-0.0011951127413959428,False
RF,8,mutations+cnv+mrna,Mutations+CNV+mRNA,3,0.5702668033229044,mrna,0.6191019842126083,-0.048835180889703955,False
RF,8,mutations+cnv+rppa,Mutations+CNV+RPPA,3,0.4850950345236811,rppa,0.5534425594274823,-0.06834752490380125,False
RF,8,mutations+mrna+rppa,Mutations+mRNA+RPPA,3,0.5844550787571475,mrna,0.6191019842126083,-0.034646905455460786,False
RF,8,cnv+mrna+rppa,CNV+mRNA+RPPA,3,0.6324230274750962,mrna,0.6191019842126083,0.013321043262487842,True
RF,8,mutations+cnv+mrna+rppa,Mutations+CNV+mRNA+RPPA,4,0.5728954355018521,mrna,0.6191019842126083,-0.046206548710756246,False
RF,9,mutations+cnv,Mutations+CNV,2,0.4181396725644622,cnv,0.4175309409501205,0.0006087316143417176,True
RF,9,mutations+mrna,Mutations+mRNA,2,0.5787897292048765,mrna,0.6393979034056173,-0.06060817420074083,False
RF,9,mutations+rppa,Mutations+RPPA,2,0.48023101647067284,rppa,0.5349300985363398,-0.054699082065666926,False
RF,9,cnv+mrna,CNV+mRNA,2,0.6354982693206747,mrna,0.6393979034056173,-0.003899634084942649,False
RF,9,cnv+rppa,CNV+RPPA,2,0.5426484743050312,rppa,0.5349300985363398,0.007718375768691388,True
RF,9,mrna+rppa,mRNA+RPPA,2,0.604641493149207,mrna,0.6393979034056173,-0.0347564102564103,False
RF,9,mutations+cnv+mrna,Mutations+CNV+mRNA,3,0.5904838979393678,mrna,0.6393979034056173,-0.048914005466249466,False
RF,9,mutations+cnv+rppa,Mutations+CNV+RPPA,3,0.5070485309454454,rppa,0.5349300985363398,-0.02788156759089433,False
RF,9,mutations+mrna+rppa,Mutations+mRNA+RPPA,3,0.5876441543496241,mrna,0.6393979034056173,-0.05175374905599317,False
RF,9,cnv+mrna+rppa,CNV+mRNA+RPPA,3,0.632771352537131,mrna,0.6393979034056173,-0.006626550868486292,False
RF,9,mutations+cnv+mrna+rppa,Mutations+CNV+mRNA+RPPA,4,0.6010087118351495,mrna,0.6393979034056173,-0.03838919157046783,False
XGB,0,mutations+cnv,Mutations+CNV,2,0.523721495486748,cnv,0.501769006005682,0.021952489481065984,True
XGB,0,mutations+mrna,Mutations+mRNA,2,0.7268684234185636,mrna,0.763564363289819,-0.03669593987125541,False
XGB,0,mutations+rppa,Mutations+RPPA,2,0.5870438154061928,rppa,0.5907951594922143,-0.003751344086021513,False
XGB,0,cnv+mrna,CNV+mRNA,2,0.7562933613838243,mrna,0.763564363289819,-0.007271001905994723,False
XGB,0,cnv+rppa,CNV+RPPA,2,0.6397577318660769,rppa,0.5907951594922143,0.04896257237386259,True
XGB,0,mrna+rppa,mRNA+RPPA,2,0.7585748957097134,mrna,0.763564363289819,-0.004989467580105655,False
XGB,0,mutations+cnv+mrna,Mutations+CNV+mRNA,3,0.7470318849570252,mrna,0.763564363289819,-0.01653247833279381,False
XGB,0,mutations+cnv+rppa,Mutations+CNV+RPPA,3,0.6380325457618585,rppa,0.5907951594922143,0.047237386269644244,True
XGB,0,mutations+mrna+rppa,Mutations+mRNA+RPPA,3,0.7293313958715432,mrna,0.763564363289819,-0.03423296741827586,False
XGB,0,cnv+mrna+rppa,CNV+mRNA+RPPA,3,0.7386069469917647,mrna,0.763564363289819,-0.02495741629805437,False
XGB,0,mutations+cnv+mrna+rppa,Mutations+CNV+mRNA+RPPA,4,0.7345065541050815,mrna,0.763564363289819,-0.02905780918473755,False
XGB,1,mutations+cnv,Mutations+CNV,2,0.4826598518358686,cnv,0.49686666127234147,-0.014206809436472845,False
XGB,1,mutations+mrna,Mutations+mRNA,2,0.7199015086129392,mrna,0.7477846495486749,-0.02788314093573563,False
XGB,1,mutations+rppa,Mutations+RPPA,2,0.604879836911569,rppa,0.6026960207861329,0.0021838161254360555,True
XGB,1,cnv+mrna,CNV+mRNA,2,0.7390267783291977,mrna,0.7477846495486749,-0.008757871219477131,False
XGB,1,cnv+rppa,CNV+RPPA,2,0.6523956422843169,rppa,0.6026960207861329,0.049699621498183966,True
XGB,1,mrna+rppa,mRNA+RPPA,2,0.7443485453303125,mrna,0.7477846495486749,-0.003436104218362379,False
XGB,1,mutations+cnv+mrna,Mutations+CNV+mRNA,3,0.7277203402021074,mrna,0.7477846495486749,-0.020064309346567444,False
XGB,1,mutations+cnv+rppa,Mutations+CNV+RPPA,3,0.6174925333549106,rppa,0.6026960207861329,0.014796512568777676,True
XGB,1,mutations+mrna+rppa,Mutations+mRNA+RPPA,3,0.7080979384687309,mrna,0.7477846495486749,-0.039686711079943926,False
XGB,1,cnv+mrna+rppa,CNV+mRNA+RPPA,3,0.7499596909051678,mrna,0.7477846495486749,0.002175041356492935,True
XGB,1,mutations+cnv+mrna+rppa,Mutations+CNV+mRNA+RPPA,4,0.7420572787427626,mrna,0.7477846495486749,-0.005727370805912235,False
XGB,2,mutations+cnv,Mutations+CNV,2,0.5627053304923221,cnv,0.5422058474484842,0.020499483043837863,True
XGB,2,mutations+mrna,Mutations+mRNA,2,0.6889271496385803,mrna,0.7224562025748913,-0.03352905293631103,False
XGB,2,mutations+rppa,Mutations+RPPA,2,0.600279043945769,rppa,0.5985255286438667,0.0017535153019023753,True
XGB,2,cnv+mrna,CNV+mRNA,2,0.7328200363217895,mrna,0.7224562025748913,0.010363833746898199,True
XGB,2,cnv+rppa,CNV+RPPA,2,0.6738589518826195,rppa,0.5985255286438667,0.0753334232387528,True
XGB,2,mrna+rppa,mRNA+RPPA,2,0.7299570297047506,mrna,0.7224562025748913,0.007500827129859333,True
XGB,2,mutations+cnv+mrna,Mutations+CNV+mRNA,3,0.7295027286294818,mrna,0.7224562025748913,0.007046526054590552,True
XGB,2,mutations+cnv+rppa,Mutations+CNV+RPPA,3,0.6516377980364656,rppa,0.5985255286438667,0.05311226939259894,True
XGB,2,mutations+mrna+rppa,Mutations+mRNA+RPPA,3,0.7028900321861402,mrna,0.7224562025748913,-0.01956617038875108,False
XGB,2,cnv+mrna+rppa,CNV+mRNA+RPPA,3,0.7233184854533031,mrna,0.7224562025748913,0.0008622828784118353,True
XGB,2,mutations+cnv+mrna+rppa,Mutations+CNV+mRNA+RPPA,4,0.7315900942208796,mrna,0.7224562025748913,0.009133891645988323,True
XGB,3,mutations+cnv,Mutations+CNV,2,0.4760528509008523,cnv,0.5151256787859173,-0.039072827885065,False
XGB,3,mutations+mrna,Mutations+mRNA,2,0.7251829125759701,mrna,0.7392571474808501,-0.014074234904880023,False
XGB,3,mutations+rppa,Mutations+RPPA,2,0.5740227235947784,rppa,0.6066343726399828,-0.032611649045204416,False
XGB,3,cnv+mrna,CNV+mRNA,2,0.7502702781673679,mrna,0.7392571474808501,0.01101313068651777,True
XGB,3,cnv+rppa,CNV+RPPA,2,0.6420391358291078,rppa,0.6066343726399828,0.035404763189125,True
XGB,3,mrna+rppa,mRNA+RPPA,2,0.7430854146437947,mrna,0.7392571474808501,0.0038282671629445986,True
XGB,3,mutations+cnv+mrna,Mutations+CNV+mRNA,3,0.7439230904088898,mrna,0.7392571474808501,0.004665942928039679,True
XGB,3,mutations+cnv+rppa,Mutations+CNV+RPPA,3,0.6125514393857662,rppa,0.6066343726399828,0.005917066745783406,True
XGB,3,mutations+mrna+rppa,Mutations+mRNA+RPPA,3,0.7304475941309743,mrna,0.7392571474808501,-0.008809553349875876,False
XGB,3,cnv+mrna+rppa,CNV+mRNA+RPPA,3,0.7579414940482613,mrna,0.7392571474808501,0.018684346567411136,True
XGB,3,mutations+cnv+mrna+rppa,Mutations+CNV+mRNA+RPPA,4,0.7431941822203043,mrna,0.7392571474808501,0.0039370347394541705,True
XGB,4,mutations+cnv,Mutations+CNV,2,0.5221179873772791,cnv,0.5015037175890964,0.020614269788182704,True
XGB,4,mutations+mrna,Mutations+mRNA,2,0.7111234491315137,mrna,0.7367754342431763,-0.025651985111662556,False
XGB,4,mutations+rppa,Mutations+RPPA,2,0.6043352213471428,rppa,0.5904752130758443,0.013860008271298518,True
XGB,4,cnv+mrna,CNV+mRNA,2,0.7582840157154673,mrna,0.7367754342431763,0.021508581472291066,True
XGB,4,cnv+rppa,CNV+RPPA,2,0.6501630120113641,rppa,0.5904752130758443,0.05968779893551979,True
XGB,4,mrna+rppa,mRNA+RPPA,2,0.7359544044665013,mrna,0.7367754342431763,-0.0008210297766749752,False
XGB,4,mutations+cnv+mrna,Mutations+CNV+mRNA,3,0.725578370554177,mrna,0.7367754342431763,-0.01119706368899931,False
XGB,4,mutations+cnv+rppa,Mutations+CNV+RPPA,3,0.6298324567554932,rppa,0.5904752130758443,0.03935724367964888,True
XGB,4,mutations+mrna+rppa,Mutations+mRNA+RPPA,3,0.7266819685690653,mrna,0.7367754342431763,-0.010093465674110957,False
XGB,4,cnv+mrna+rppa,CNV+mRNA+RPPA,3,0.7403406741108354,mrna,0.7367754342431763,0.003565239867659109,True
XGB,4,mutations+cnv+mrna+rppa,Mutations+CNV+mRNA+RPPA,4,0.7250481803143093,mrna,0.7367754342431763,-0.011727253928866976,False
XGB,5,mutations+cnv,Mutations+CNV,2,0.526785157514295,cnv,0.4489530289135829,0.07783212860071209,True
XGB,5,mutations+mrna,Mutations+mRNA,2,0.7184264124141404,mrna,0.7347372199446183,-0.016310807530477867,False
XGB,5,mutations+rppa,Mutations+RPPA,2,0.588004306469594,rppa,0.58478388984788,0.0032204166217140173,True
XGB,5,cnv+mrna,CNV+mRNA,2,0.7510517225878377,mrna,0.7347372199446183,0.01631450264321943,True
XGB,5,cnv+rppa,CNV+RPPA,2,0.6093951522997806,rppa,0.58478388984788,0.024611262451900595,True
XGB,5,mrna+rppa,mRNA+RPPA,2,0.732990514978243,mrna,0.7347372199446183,-0.001746704966375301,False
XGB,5,mutations+cnv+mrna,Mutations+CNV+mRNA,3,0.7389472974430898,mrna,0.7347372199446183,0.004210077498471576,True
XGB,5,mutations+cnv+rppa,Mutations+CNV+RPPA,3,0.6381895071384903,rppa,0.58478388984788,0.05340561729061033,True
XGB,5,mutations+mrna+rppa,Mutations+mRNA+RPPA,3,0.7339355108425936,mrna,0.7347372199446183,-0.0008017091020247058,False
XGB,5,cnv+mrna+rppa,CNV+mRNA+RPPA,3,0.7518530046391196,mrna,0.7347372199446183,0.017115784694501368,True
XGB,5,mutations+cnv+mrna+rppa,Mutations+CNV+mRNA+RPPA,4,0.7477528185349013,mrna,0.7347372199446183,0.013015598590283006,True
XGB,6,mutations+cnv,Mutations+CNV,2,0.48493935429927715,cnv,0.48586579368504335,-0.0009264393857661979,False
XGB,6,mutations+mrna,Mutations+mRNA,2,0.706909262955371,mrna,0.7600313545150501,-0.05312209155967906,False
XGB,6,mutations+rppa,Mutations+RPPA,2,0.6217184431977559,rppa,0.6044428021721149,0.017275641025641053,True
XGB,6,cnv+mrna,CNV+mRNA,2,0.7589542246556623,mrna,0.7600313545150501,-0.0010771298593877932,False
XGB,6,cnv+rppa,CNV+RPPA,2,0.6409963318588844,rppa,0.6044428021721149,0.036553529686769504,True
XGB,6,mrna+rppa,mRNA+RPPA,2,0.7558015023195599,mrna,0.7600313545150501,-0.0042298521954902135,False
XGB,6,mutations+cnv+mrna,Mutations+CNV+mRNA,3,0.7420300239148416,mrna,0.7600313545150501,-0.018001330600208476,False
XGB,6,mutations+cnv+rppa,Mutations+CNV+RPPA,3,0.6366669408781961,rppa,0.6044428021721149,0.03222413870608121,True
XGB,6,mutations+mrna+rppa,Mutations+mRNA+RPPA,3,0.7381132268853167,mrna,0.7600313545150501,-0.02191812762973344,False
XGB,6,cnv+mrna+rppa,CNV+mRNA+RPPA,3,0.7446447612112058,mrna,0.7600313545150501,-0.015386593303844287,False
XGB,6,mutations+cnv+mrna+rppa,Mutations+CNV+mRNA+RPPA,4,0.7470563617074837,mrna,0.7600313545150501,-0.012974992807566421,False
XGB,7,mutations+cnv,Mutations+CNV,2,0.48157112417736536,cnv,0.49170658467292416,-0.010135460495558801,False
XGB,7,mutations+mrna,Mutations+mRNA,2,0.7333564165497897,mrna,0.7590089186176143,-0.025652502067824656,False
XGB,7,mutations+rppa,Mutations+RPPA,2,0.5995254387384472,rppa,0.5948912638903873,0.0046341748480599465,True
XGB,7,cnv+mrna,CNV+mRNA,2,0.7591774463264647,mrna,0.7590089186176143,0.00016852770885034118,True
XGB,7,cnv+rppa,CNV+RPPA,2,0.6347899135109865,rppa,0.5948912638903873,0.03989864962059919,True
XGB,7,mrna+rppa,mRNA+RPPA,2,0.7344360277987556,mrna,0.7590089186176143,-0.024572890818858717,False
XGB,7,mutations+cnv+mrna,Mutations+CNV+mRNA,3,0.7578260195274572,mrna,0.7590089186176143,-0.001182899090157119,False
XGB,7,mutations+cnv+rppa,Mutations+CNV+RPPA,3,0.6518665264142123,rppa,0.5948912638903873,0.05697526252382501,True
XGB,7,mutations+mrna+rppa,Mutations+mRNA+RPPA,3,0.7072875579889957,mrna,0.7590089186176143,-0.05172136062861865,False
XGB,7,cnv+mrna+rppa,CNV+mRNA+RPPA,3,0.7348452502966879,mrna,0.7590089186176143,-0.024163668320926424,False
XGB,7,mutations+cnv+mrna+rppa,Mutations+CNV+mRNA+RPPA,4,0.7494937201064481,mrna,0.7590089186176143,-0.009515198511166223,False
XGB,8,mutations+cnv,Mutations+CNV,2,0.536311706584673,cnv,0.5252977128061279,0.011013993778545061,True
XGB,8,mutations+mrna,Mutations+mRNA,2,0.6985309679217464,mrna,0.7349441192865106,-0.036413151364764196,False
XGB,8,mutations+rppa,Mutations+RPPA,2,0.5909016929190491,rppa,0.6099990604883663,-0.019097367569317125,False
XGB,8,cnv+mrna,CNV+mRNA,2,0.7514189952170318,mrna,0.7349441192865106,0.016474875930521216,True
XGB,8,cnv+rppa,CNV+RPPA,2,0.6517833998633438,rppa,0.6099990604883663,0.0417843393749775,True
XGB,8,mrna+rppa,mRNA+RPPA,2,0.7366947261480922,mrna,0.7349441192865106,0.0017506068615815717,True
XGB,8,mutations+cnv+mrna,Mutations+CNV+mRNA,3,0.7307225383896141,mrna,0.7349441192865106,-0.004221580896896504,False
XGB,8,mutations+cnv+rppa,Mutations+CNV+RPPA,3,0.6302814893731794,rppa,0.6099990604883663,0.02028242888481313,True
XGB,8,mutations+mrna+rppa,Mutations+mRNA+RPPA,3,0.7193921000107887,mrna,0.7349441192865106,-0.015552019275721918,False
XGB,8,cnv+mrna+rppa,CNV+mRNA+RPPA,3,0.7504081256518143,mrna,0.7349441192865106,0.01546400636530365,True
XGB,8,mutations+cnv+mrna+rppa,Mutations+CNV+mRNA+RPPA,4,0.7574466770956954,mrna,0.7349441192865106,0.022502557809184753,True
XGB,9,mutations+cnv,Mutations+CNV,2,0.5231555318804617,cnv,0.5221598608264106,0.0009956710540510727,True
XGB,9,mutations+mrna,Mutations+mRNA,2,0.7124423211781206,mrna,0.7413477182004531,-0.028905397022332524,False
XGB,9,mutations+rppa,Mutations+RPPA,2,0.5811387150717445,rppa,0.5865756464199662,-0.005436931348221652,False
XGB,9,cnv+mrna,CNV+mRNA,2,0.7592977802351926,mrna,0.7413477182004531,0.017950062034739478,True
XGB,9,cnv+rppa,CNV+RPPA,2,0.6663225311971805,rppa,0.5865756464199662,0.07974688477721437,True
XGB,9,mrna+rppa,mRNA+RPPA,2,0.7298509233286583,mrna,0.7413477182004531,-0.01149679487179478,False
XGB,9,mutations+cnv+mrna,Mutations+CNV+mRNA,3,0.7295045627000396,mrna,0.7413477182004531,-0.011843155500413483,False
XGB,9,mutations+cnv+rppa,Mutations+CNV+RPPA,3,0.6522231722228216,rppa,0.5865756464199662,0.06564752580285538,True
XGB,9,mutations+mrna+rppa,Mutations+mRNA+RPPA,3,0.7142670730391628,mrna,0.7413477182004531,-0.027080645161290273,False
XGB,9,cnv+mrna+rppa,CNV+mRNA+RPPA,3,0.7533763575718344,mrna,0.7413477182004531,0.012028639371381322,True
XGB,9,mutations+cnv+mrna+rppa,Mutations+CNV+mRNA+RPPA,4,0.7474345668356889,mrna,0.7413477182004531,0.0060868486352357865,True
SVM,0,mutations+cnv,Mutations+CNV,2,0.6362619214586255,cnv,0.6356465368432409,0.0006153846153845732,True
SVM,0,mutations+mrna,Mutations+mRNA,2,0.8165659006724926,mrna,0.8266158386377531,-0.010049937965260547,False
SVM,0,mutations+rppa,Mutations+RPPA,2,0.6652224215125688,rppa,0.65256814830798,0.012654273204588784,True
SVM,0,cnv+mrna,CNV+mRNA,2,0.8096949329305569,mrna,0.8266158386377531,-0.016920905707196177,False
SVM,0,cnv+rppa,CNV+RPPA,2,0.6524116049915489,rppa,0.65256814830798,-0.00015654331643111252,False
SVM,0,mrna+rppa,mRNA+RPPA,2,0.8228580842953214,mrna,0.8266158386377531,-0.0037577543424317517,False
SVM,0,mutations+cnv+mrna,Mutations+CNV+mRNA,3,0.8109257021613262,mrna,0.8266158386377531,-0.01569013647642692,False
SVM,0,mutations+cnv+rppa,Mutations+CNV+RPPA,3,0.6530269896069335,rppa,0.65256814830798,0.0004588412989534607,True
SVM,0,mutations+mrna+rppa,Mutations+mRNA+RPPA,3,0.8228580842953214,mrna,0.8266158386377531,-0.0037577543424317517,False
SVM,0,cnv+mrna+rppa,CNV+mRNA+RPPA,3,0.8103007021613262,mrna,0.8266158386377531,-0.016315136476426906,False
SVM,0,mutations+cnv+mrna+rppa,Mutations+CNV+mRNA+RPPA,4,0.8103007021613262,mrna,0.8266158386377531,-0.016315136476426906,False
SVM,1,mutations+cnv,Mutations+CNV,2,0.635854910634013,cnv,0.6341157801992303,0.0017391304347826875,True
SVM,1,mutations+mrna,Mutations+mRNA,2,0.8114798791671163,mrna,0.8108548791671162,0.0006250000000000977,True
SVM,1,mutations+rppa,Mutations+RPPA,2,0.651877315064552,rppa,0.6468132125004495,0.005064102564102502,True
SVM,1,cnv+mrna,CNV+mRNA,2,0.800141879742511,mrna,0.8108548791671162,-0.01071299942460513,False
SVM,1,cnv+rppa,CNV+RPPA,2,0.6466564893731794,rppa,0.6468132125004495,-0.00015672312727010862,False
SVM,1,mrna+rppa,mRNA+RPPA,2,0.8194420244902363,mrna,0.8108548791671162,0.008587145323120104,True
SVM,1,mutations+cnv+mrna,Mutations+CNV+mRNA,3,0.8013822643578955,mrna,0.8108548791671162,-0.00947261480922068,False
SVM,1,mutations+cnv+rppa,Mutations+CNV+RPPA,3,0.6466564893731794,rppa,0.6468132125004495,-0.00015672312727010862,False
SVM,1,mutations+mrna+rppa,Mutations+mRNA+RPPA,3,0.8170778940554537,mrna,0.8108548791671162,0.006223014888337541,True
SVM,1,cnv+mrna+rppa,CNV+mRNA+RPPA,3,0.8020072643578955,mrna,0.8108548791671162,-0.008847614809220694,False
SVM,1,mutations+cnv+mrna+rppa,Mutations+CNV+mRNA+RPPA,4,0.8026322643578956,mrna,0.8108548791671162,-0.008222614809220596,False
SVM,2,mutations+cnv,Mutations+CNV,2,0.6554259404106879,cnv,0.6554259404106879,0.0,False
SVM,2,mutations+mrna,Mutations+mRNA,2,0.8187836291221636,mrna,0.8187836291221636,0.0,False
SVM,2,mutations+rppa,Mutations+RPPA,2,0.6292572014241018,rppa,0.6316435879454814,-0.0023863865213795687,False
SVM,2,cnv+mrna,CNV+mRNA,2,0.822074261876506,mrna,0.8187836291221636,0.003290632754342382,True
SVM,2,cnv+rppa,CNV+RPPA,2,0.6529531323048153,cnv,0.6554259404106879,-0.0024728081058725815,False
SVM,2,mrna+rppa,mRNA+RPPA,2,0.817682409105621,mrna,0.8187836291221636,-0.00110122001654267,False
SVM,2,mutations+cnv+mrna,Mutations+CNV+mRNA,3,0.822074261876506,mrna,0.8187836291221636,0.003290632754342382,True
SVM,2,mutations+cnv+rppa,Mutations+CNV+RPPA,3,0.6529531323048153,cnv,0.6554259404106879,-0.0024728081058725815,False
SVM,2,mutations+mrna+rppa,Mutations+mRNA+RPPA,3,0.8195977316862662,mrna,0.8187836291221636,0.0008141025641025257,True
SVM,2,cnv+mrna+rppa,CNV+mRNA+RPPA,3,0.8055197746970189,mrna,0.8187836291221636,-0.013263854425144772,False
SVM,2,mutations+cnv+mrna+rppa,Mutations+CNV+mRNA+RPPA,4,0.8067601593124033,mrna,0.8187836291221636,-0.012023469809760323,False
SVM,3,mutations+cnv,Mutations+CNV,2,0.6494484662135434,cnv,0.6488234662135433,0.0006250000000000977,True
SVM,3,mutations+mrna,Mutations+mRNA,2,0.8205991656777071,mrna,0.8205991656777071,0.0,False
SVM,3,mutations+rppa,Mutations+RPPA,2,0.6656107589815514,rppa,0.6604179343330816,0.005192824648469818,True
SVM,3,cnv+mrna,CNV+mRNA,2,0.8151224287050024,mrna,0.8205991656777071,-0.005476736972704677,False
SVM,3,cnv+rppa,CNV+RPPA,2,0.6489384102923724,rppa,0.6604179343330816,-0.011479524040709177,False
SVM,3,mrna+rppa,mRNA+RPPA,2,0.819933843097062,mrna,0.8205991656777071,-0.0006653225806451113,False
SVM,3,mutations+cnv+mrna,Mutations+CNV+mRNA,3,0.8138321061243573,mrna,0.8205991656777071,-0.006767059553349775,False
SVM,3,mutations+cnv+rppa,Mutations+CNV+RPPA,3,0.6502704894451037,rppa,0.6604179343330816,-0.010147444887977919,False
SVM,3,mutations+mrna+rppa,Mutations+mRNA+RPPA,3,0.8205492277124465,mrna,0.8205991656777071,-4.9937965260538064e-05,False
SVM,3,cnv+mrna+rppa,CNV+mRNA+RPPA,3,0.8137725527744812,mrna,0.8205991656777071,-0.006826612903225837,False
SVM,3,mutations+cnv+mrna+rppa,Mutations+CNV+mRNA+RPPA,4,0.8137725527744812,mrna,0.8205991656777071,-0.006826612903225837,False
SVM,4,mutations+cnv,Mutations+CNV,2,0.6449699176466358,cnv,0.6466461996979178,-0.0016762820512820076,False
SVM,4,mutations+mrna,Mutations+mRNA,2,0.8225546939619519,mrna,0.8232200165425972,-0.0006653225806453333,False
SVM,4,mutations+rppa,Mutations+RPPA,2,0.6500813958715431,rppa,0.6354435753587226,0.014637820512820476,True
SVM,4,cnv+mrna,CNV+mRNA,2,0.8042355252274607,mrna,0.8232200165425972,-0.018984491315136576,False
SVM,4,cnv+rppa,CNV+RPPA,2,0.6580190284820369,cnv,0.6466461996979178,0.011372828784119049,True
SVM,4,mrna+rppa,mRNA+RPPA,2,0.833648159636063,mrna,0.8232200165425972,0.010428143093465736,True
SVM,4,mutations+cnv+mrna,Mutations+CNV+mRNA,3,0.8054855252274606,mrna,0.8232200165425972,-0.017734491315136602,False
SVM,4,mutations+cnv+rppa,Mutations+CNV+RPPA,3,0.658644028482037,cnv,0.6466461996979178,0.011997828784119147,True
SVM,4,mutations+mrna+rppa,Mutations+mRNA+RPPA,3,0.8442635442514475,mrna,0.8232200165425972,0.021043527708850207,True
SVM,4,cnv+mrna+rppa,CNV+mRNA+RPPA,3,0.8054855252274609,mrna,0.8232200165425972,-0.01773449131513638,False
SVM,4,mutations+cnv+mrna+rppa,Mutations+CNV+mRNA+RPPA,4,0.8061105252274607,mrna,0.8232200165425972,-0.017109491315136505,False
SVM,5,mutations+cnv,Mutations+CNV,2,0.6228046624950552,cnv,0.6221892778796706,0.0006153846153845732,True
SVM,5,mutations+mrna,Mutations+mRNA,2,0.8151663834645954,mrna,0.8157817680799798,-0.0006153846153844622,False
SVM,5,mutations+rppa,Mutations+RPPA,2,0.6594371920739382,rppa,0.6322379571690581,0.027199234904880187,True
SVM,5,cnv+mrna,CNV+mRNA,2,0.8149882403711295,mrna,0.8157817680799798,-0.0007935277088503279,False
SVM,5,cnv+rppa,CNV+RPPA,2,0.6515504998741324,rppa,0.6322379571690581,0.01931254270507432,True
SVM,5,mrna+rppa,mRNA+RPPA,2,0.8240803619592189,mrna,0.8157817680799798,0.008298593879239036,True
SVM,5,mutations+cnv+mrna,Mutations+CNV+mRNA,3,0.8156036249865142,mrna,0.8157817680799798,-0.0001781430934656436,False
SVM,5,mutations+cnv+rppa,Mutations+CNV+RPPA,3,0.6527908844895169,rppa,0.6322379571690581,0.02055292732045888,True
SVM,5,mutations+mrna+rppa,Mutations+mRNA+RPPA,3,0.8247149773438343,mrna,0.8157817680799798,0.008933209263854436,True
SVM,5,cnv+mrna+rppa,CNV+mRNA+RPPA,3,0.8149383024058692,mrna,0.8157817680799798,-0.0008434656741106439,False
SVM,5,mutations+cnv+mrna+rppa,Mutations+CNV+mRNA+RPPA,4,0.8149383024058692,mrna,0.8157817680799798,-0.0008434656741106439,False
SVM,6,mutations+cnv,Mutations+CNV,2,0.64265137375481,cnv,0.6434366301650664,-0.0007852564102563964,False
SVM,6,mutations+mrna,Mutations+mRNA,2,0.8343732828064876,mrna,0.8337578981911029,0.0006153846153846843,True
SVM,6,mutations+rppa,Mutations+RPPA,2,0.6628034038191822,rppa,0.6554457735462293,0.007357630272952886,True
SVM,6,cnv+mrna,CNV+mRNA,2,0.8136730139892834,mrna,0.8337578981911029,-0.02008488420181953,False
SVM,6,cnv+rppa,CNV+RPPA,2,0.649533170604524,rppa,0.6554457735462293,-0.005912602941705369,False
SVM,6,mrna+rppa,mRNA+RPPA,2,0.8356136674218723,mrna,0.8337578981911029,0.0018557692307693552,True
SVM,6,mutations+cnv+mrna,Mutations+CNV+mRNA,3,0.8136730139892834,mrna,0.8337578981911029,-0.02008488420181953,False
SVM,6,mutations+cnv+rppa,Mutations+CNV+RPPA,3,0.649533170604524,rppa,0.6554457735462293,-0.005912602941705369,False
SVM,6,mutations+mrna+rppa,Mutations+mRNA+RPPA,3,0.8262386674218722,mrna,0.8337578981911029,-0.007519230769230667,False
SVM,6,cnv+mrna+rppa,CNV+mRNA+RPPA,3,0.8055787211853132,mrna,0.8337578981911029,-0.028179177005789757,False
SVM,6,mutations+cnv+mrna+rppa,Mutations+CNV+mRNA+RPPA,4,0.8042883986046678,mrna,0.8337578981911029,-0.029469499586435077,False
SVM,7,mutations+cnv,Mutations+CNV,2,0.6501658754989752,cnv,0.6513677985758981,-0.0012019230769229061,False
SVM,7,mutations+mrna,Mutations+mRNA,2,0.8318761507893695,mrna,0.8318761507893695,0.0,False
SVM,7,mutations+rppa,Mutations+RPPA,2,0.6545343034128097,rppa,0.6533741369079727,0.001160166504836968,True
SVM,7,cnv+mrna,CNV+mRNA,2,0.8341576851152588,mrna,0.8318761507893695,0.0022815343258892895,True
SVM,7,cnv+rppa,CNV+RPPA,2,0.6649261876505916,rppa,0.6533741369079727,0.011552050742618891,True
SVM,7,mrna+rppa,mRNA+RPPA,2,0.8206691615420578,mrna,0.8318761507893695,-0.011206989247311672,False
SVM,7,mutations+cnv+mrna,Mutations+CNV+mRNA,3,0.8347826851152588,mrna,0.8318761507893695,0.002906534325889276,True
SVM,7,mutations+cnv+rppa,Mutations+CNV+RPPA,3,0.6678428543172583,rppa,0.6533741369079727,0.01446871740928557,True
SVM,7,mutations+mrna+rppa,Mutations+mRNA+RPPA,3,0.8212941615420577,mrna,0.8318761507893695,-0.010581989247311796,False
SVM,7,cnv+mrna+rppa,CNV+mRNA+RPPA,3,0.8135423004998742,mrna,0.8318761507893695,-0.0183338502894953,False
SVM,7,mutations+cnv+mrna+rppa,Mutations+CNV+mRNA+RPPA,4,0.8147923004998742,mrna,0.8318761507893695,-0.017083850289495328,False
SVM,8,mutations+cnv,Mutations+CNV,2,0.6469445643183371,cnv,0.6419189232926961,0.00502564102564107,True
SVM,8,mutations+mrna,Mutations+mRNA,2,0.817616962455497,mrna,0.817616962455497,0.0,False
SVM,8,mutations+rppa,Mutations+RPPA,2,0.6542437605638868,rppa,0.6503431195382458,0.0039006410256410273,True
SVM,8,cnv+mrna,CNV+mRNA,2,0.8347775290394506,mrna,0.817616962455497,0.017160566583953596,True
SVM,8,cnv+rppa,CNV+RPPA,2,0.6544438270938973,rppa,0.6503431195382458,0.004100707555651506,True
SVM,8,mrna+rppa,mRNA+RPPA,2,0.8231650393785739,mrna,0.817616962455497,0.005548076923076906,True
SVM,8,mutations+cnv+mrna,Mutations+CNV+mRNA,3,0.8354025290394504,mrna,0.817616962455497,0.01778556658395347,True
SVM,8,mutations+cnv+rppa,Mutations+CNV+RPPA,3,0.6456842117092819,rppa,0.6503431195382458,-0.004658907828963832,False
SVM,8,mutations+mrna+rppa,Mutations+mRNA+RPPA,3,0.8231650393785739,mrna,0.817616962455497,0.005548076923076906,True
SVM,8,cnv+mrna+rppa,CNV+mRNA+RPPA,3,0.820153873125472,mrna,0.817616962455497,0.0025369106699750787,True
SVM,8,mutations+cnv+mrna+rppa,Mutations+CNV+mRNA+RPPA,4,0.8207788731254719,mrna,0.817616962455497,0.0031619106699749544,True
SVM,9,mutations+cnv,Mutations+CNV,2,0.6363247203941453,cnv,0.6357093357787608,0.0006153846153845732,True
SVM,9,mutations+mrna,Mutations+mRNA,2,0.8187321402884166,mrna,0.8187321402884166,0.0,False
SVM,9,mutations+rppa,Mutations+RPPA,2,0.6518239382169957,rppa,0.6367029704750602,0.015120967741935498,True
SVM,9,cnv+mrna,CNV+mRNA,2,0.8122764951271263,mrna,0.8187321402884166,-0.006455645161290269,False
SVM,9,cnv+rppa,CNV+RPPA,2,0.6435776153486532,rppa,0.6367029704750602,0.006874644873593017,True
SVM,9,mrna+rppa,mRNA+RPPA,2,0.8187321402884166,mrna,0.8187321402884166,0.0,False
SVM,9,mutations+cnv+mrna,Mutations+CNV+mRNA,3,0.8122764951271263,mrna,0.8187321402884166,-0.006455645161290269,False
SVM,9,mutations+cnv+rppa,Mutations+CNV+RPPA,3,0.6378167457834358,rppa,0.6367029704750602,0.0011137753083756419,True
SVM,9,mutations+mrna+rppa,Mutations+mRNA+RPPA,3,0.8187321402884166,mrna,0.8187321402884166,0.0,False
SVM,9,cnv+mrna+rppa,CNV+mRNA+RPPA,3,0.815491755673032,mrna,0.8187321402884166,-0.0032403846153845617,False
SVM,9,mutations+cnv+mrna+rppa,Mutations+CNV+mRNA+RPPA,4,0.815491755673032,mrna,0.8187321402884166,-0.0032403846153845617,False
