estimator,classifier,pair,pair_label,n_valid_repeats,redundancy_mean,redundancy_sd,redundancy_ci95_low,redundancy_ci95_high,unique_a_mean,unique_a_sd,unique_a_ci95_low,unique_a_ci95_high,unique_b_mean,unique_b_sd,unique_b_ci95_low,unique_b_ci95_high,synergy_mean,synergy_sd,synergy_ci95_low,synergy_ci95_high,mi_a_mean,mi_a_sd,mi_a_ci95_low,mi_a_ci95_high,mi_b_mean,mi_b_sd,mi_b_ci95_low,mi_b_ci95_high,mi_joint_mean,mi_joint_sd,mi_joint_ci95_low,mi_joint_ci95_high
BROJA,RF,cnv+mrna,CNV+mRNA,10,0.31857114992118357,0.03603259833612503,0.29656999019897246,0.33859494571627946,0.013799266675566904,0.007059207624846198,0.010508211080000222,0.018573635295940083,0.6580462422696491,0.04463023920051092,0.6317704032934303,0.684437535131815,0.09396052186332061,0.018735749759481946,0.08342304652417942,0.1051123052581829,0.33237041663546923,0.03875453408132131,0.3093685679773641,0.354545288768074,0.9766173923008505,0.021347036518726856,0.96355753456696,0.9888005251716747,1.0843771807297198,0.01831674511594444,1.0738736542122367,1.095275465773744
BROJA,RF,cnv+rppa,CNV+RPPA,10,0.3101689325324407,0.035779477749202086,0.2886560218685444,0.3308312823500165,0.022201484088833066,0.010131459588589907,0.01736302948719746,0.028917698533327135,0.3800494544931399,0.03265364735110325,0.3616091829153964,0.3995165633036391,0.12692801315025617,0.018817300792420763,0.11564429496753427,0.1378268122070631,0.33237041663546923,0.03875453408132131,0.3096231514731313,0.35466687777640554,0.6902183870986592,0.020738419252628943,0.6776168876702124,0.7023159146390229,0.8393478842646698,0.023573020351347288,0.8266598617529343,0.854417738295834
BROJA,RF,mrna+rppa,mRNA+RPPA,10,0.6690204023190546,0.0215731726551231,0.6564922217875907,0.6814684113353248,0.3075969897605579,0.021865465295351577,0.2951302771532564,0.3203218844787553,0.021197984555369708,0.008389344673445048,0.01603654342107375,0.02590372014358125,0.12125776780234236,0.011797380891175482,0.11381548930649132,0.12782925774646683,0.9766173923008505,0.021347036518726856,0.9637436441388729,0.988746597931934,0.6902183870986592,0.020738419252628943,0.6780252323006083,0.7023047479337209,1.1190731444373245,0.02411148655601856,1.103920343245551,1.1320593307925306
BROJA,RF,mutations+cnv,Mutations+CNV,10,0.18224604533953448,0.019690380969503974,0.1704367711230569,0.1937133764818524,0.1379100040795581,0.020263446441756237,0.12644607590791196,0.15059404368074464,0.150124371133614,0.02093855163189718,0.13763256827058912,0.16172655384002238,0.0907420443237759,0.011246829545981748,0.08437331463085068,0.09763242280946943,0.3201560495331112,0.013536008248407986,0.3125727616317613,0.32838917866471096,0.33237041663546923,0.03875453408132131,0.308749717278375,0.35481630135375986,0.5610224648764823,0.029695591874978604,0.5442567020258571,0.578873609194701
BROJA,RF,mutations+mrna,Mutations+mRNA,10,0.31656991818490376,0.013546534371635631,0.30867167260311124,0.3245222507162396,0.003586131338184831,0.0012904766565651337,0.0028355975410146506,0.004343274776800213,0.6600474739794059,0.02619003980593631,0.6451633324095877,0.6758791803688506,0.05933541262039897,0.009074388529222084,0.05405703702377261,0.0646023387631517,0.3201560495331112,0.013536008248407986,0.3121911907593581,0.32839871243637525,0.9766173923008505,0.021347036518726856,0.9636780282028475,0.9888263426025073,1.0395389361228933,0.024497435484899174,1.0245025828954668,1.0533431823284292
BROJA,RF,mutations+rppa,Mutations+RPPA,10,0.3084560201828001,0.010299000574199394,0.30280923432168,0.314708539370997,0.011700029308459979,0.006657021192853293,0.008240870856839102,0.01600442365449879,0.3817623666897134,0.022560329244343817,0.3683880205303098,0.39506472757625033,0.11899260590149427,0.009396937940948797,0.1132694869423041,0.12426255874903304,0.3201560495331112,0.013536008248407986,0.31217496761872476,0.3281902566769565,0.6902183870986592,0.020738419252628943,0.6781371195199138,0.7024729072306088,0.8209110220824675,0.02226112948487908,0.8081360537045894,0.8341199548713112
BROJA,SVM,cnv+mrna,CNV+mRNA,10,0.5106464904167879,0.020613504453034934,0.4989590601693349,0.5234254519084801,0.014101825662476563,0.005991593795640367,0.010707979276454732,0.017797269784978257,0.7897366041905595,0.031084776117175045,0.7696040800956216,0.8059889657752436,0.0699042425370846,0.008601617422553838,0.06519097121277195,0.07527155074506295,0.5247483161126351,0.016160191032905027,0.5157414709512697,0.5345700975557364,1.300383094605993,0.023066710874615422,1.286471726342963,1.3137473388053802,1.3843891628069085,0.025106558617294616,1.369162957136271,1.398976336138632
BROJA,SVM,cnv+rppa,CNV+RPPA,10,0.45996594156608295,0.021745783713055637,0.4474412588685467,0.47270018826200977,0.06478237453814681,0.007918855908024904,0.0605231945173502,0.06974772441468001,0.4357870612461765,0.033138968848169706,0.41635693104227156,0.4554936506599031,0.1311968282624909,0.01203038233833144,0.12404374568246462,0.13800383852320208,0.5247483161126351,0.016160191032905027,0.5155833011285681,0.5344025730600052,0.8957530028283699,0.020325179247318175,0.8839968251205019,0.907879278855541,1.091732205612897,0.020298365915102323,1.0800811716742447,1.1041644721238115
BROJA,SVM,mrna+rppa,mRNA+RPPA,10,0.8736779183081506,0.02429949486266449,0.8599730576411263,0.88827608877185,0.4267051762054332,0.021742991282234128,0.41412444640286344,0.43944662935048096,0.022075084454019823,0.0082541130961124,0.017427793088427908,0.027012600022760937,0.08269294609661965,0.009617936438650242,0.0763415828770393,0.08713358926456716,1.300383094605993,0.023066710874615422,1.2865224100647719,1.31370941071022,0.8957530028283699,0.020325179247318175,0.8841566552930372,0.9078607563113927,1.4051511250642228,0.021338770155793493,1.392803378945225,1.417624223135223
BROJA,SVM,mutations+cnv,Mutations+CNV,10,0.2816478512707853,0.01127189642519686,0.27483418150446093,0.2880482602840016,0.07321448767975379,0.01584509701652988,0.06442333317869725,0.0830529398347285,0.24310046476435768,0.009058134251589347,0.23803911344181772,0.24864749568855474,0.19461431016786784,0.006568232373120714,0.1908121872958587,0.1984378823059009,0.3548623390018728,0.008576837288203902,0.35012052185590786,0.35994368902527873,0.5247483161126351,0.016160191032905027,0.5158834888873456,0.5346461769714649,0.7925771138827647,0.012978763589511815,0.7842437202549228,0.7995990681386801
BROJA,SVM,mutations+mrna,Mutations+mRNA,10,0.35421288272912277,0.008611713697773861,0.34939363930309314,0.3595212946846647,0.0006494562953981144,0.0006374370436172652,0.00030258970739443613,0.0010450880348136535,0.9461702118827672,0.023984748779506692,0.9320620683870338,0.9600821931242759,0.05033363772244459,0.0069181974311051915,0.046593820023537375,0.05476592620537164,0.3548623390018728,0.008576837288203902,0.35002586637878136,0.3600616923239574,1.300383094605993,0.023066710874615422,1.2865530140690324,1.3137251819276332,1.3513661886297323,0.02195077669164309,1.338584128774541,1.363897168553492
BROJA,SVM,mutations+rppa,Mutations+RPPA,10,0.347739044776052,0.008764390928782465,0.3428982993707902,0.35329754440534566,0.007123294235759916,0.002534692066737414,0.0056029016792611625,0.008563343381216285,0.5480139580438427,0.02117867758454985,0.5356185524036571,0.5606605282523939,0.14179642990999458,0.012386628979739417,0.13398183540694864,0.1483572333383246,0.3548623390018728,0.008576837288203902,0.34997704685634473,0.3600624951020929,0.8957530028283699,0.020325179247318175,0.8838070949492809,0.907789888860816,1.0446727269656495,0.018822966983840252,1.0337486183894293,1.0555031781017363
BROJA,XGB,cnv+mrna,CNV+mRNA,10,0.41434823768232676,0.03165709658850687,0.39545154144867534,0.4320551212697559,0.009543109372804875,0.002548817426954341,0.008123423154811326,0.011072800698765848,0.7235208278998994,0.03316671201143551,0.7036321370274862,0.7427968975617943,0.08486645532842411,0.013362065287146929,0.07729690522804196,0.0929568265849187,0.42389134708123477,0.03271468644395336,0.4043646933381318,0.4427940094634754,1.1378690656711676,0.019196406889084087,1.1270775550240912,1.149481247196451,1.232278630283455,0.025010686276977757,1.2173239157972178,1.2470889114974741
BROJA,XGB,cnv+rppa,CNV+RPPA,10,0.39616858571650376,0.02903853080631441,0.37880183247567784,0.4129930824910021,0.027722761349521775,0.010786833135532388,0.021480885012255906,0.03409590894727778,0.40353137853135673,0.038346548058377145,0.3817638310285863,0.42694814052444097,0.12496799109883254,0.01464920765751794,0.11627962044172983,0.13344017072434772,0.42389134708123477,0.03271468644395336,0.40358115983942494,0.4426388659043361,0.799699964275165,0.027614957207526405,0.7831045383057604,0.8156203876928885,0.9523907166962147,0.03294985507686099,0.9320409016380399,0.9700581794271069
BROJA,XGB,mrna+rppa,mRNA+RPPA,10,0.779650088349794,0.023943898630918174,0.7653824877562214,0.7934060988170132,0.35821897702971633,0.019148098052166978,0.3476333335600283,0.3698290187782131,0.020049875744271937,0.01595870903162044,0.01155601334178734,0.030166747440138256,0.11841361596143826,0.016092417709097737,0.10865602279502987,0.12773640691891555,1.1378690656711676,0.019196406889084087,1.126766040292683,1.1494813264579453,0.799699964275165,0.027614957207526405,0.7829578506024671,0.8157331716987115,1.27633255708522,0.02580568544717738,1.261222659400807,1.2911410685527451
BROJA,XGB,mutations+cnv,Mutations+CNV,10,0.24557334392200705,0.018816815273009643,0.23434607640810812,0.2564191984805179,0.04617331390675368,0.015228908830277017,0.03847492145520932,0.056019787487619134,0.17831800311878382,0.023936943461282136,0.1636052572616317,0.19138224407032312,0.15242691319641563,0.014471160148937763,0.14403097671377846,0.16113067040544038,0.2917466578700196,0.02180115009325675,0.2784122463042382,0.3035410316271213,0.42389134708123477,0.03271468644395336,0.40423644919877905,0.4422664879077701,0.6224915741439603,0.03442147830405869,0.6019426159989203,0.6421519984245129
BROJA,XGB,mutations+mrna,Mutations+mRNA,10,0.2903143845943152,0.02086039889018949,0.2773872573735293,0.3014817730335144,0.0014322732566221356,0.001938767242952427,0.0006266787773292109,0.002708068595356568,0.8475546809751083,0.03130217098247372,0.829948845141503,0.8665254217957554,0.06179044381018252,0.009974097520609466,0.056188084312631295,0.06763705995875968,0.2917466578700196,0.02180115009325675,0.2782738486926287,0.3037181268318495,1.1378690656711676,0.019196406889084087,1.1267660200854839,1.1490256263165792,1.201091782636228,0.021259155075495046,1.1889467364762376,1.2133613526001321
BROJA,XGB,mutations+rppa,Mutations+RPPA,10,0.28057690043167405,0.020970509633791268,0.2675865297097619,0.29204213976752597,0.011169757400599861,0.006986002128396196,0.007411937378716889,0.015500746344383101,0.5191230637609723,0.03609196018296282,0.4986253180136106,0.5403794237769401,0.12195236332178783,0.017298172097595616,0.11252014069694206,0.13266812715537474,0.2917466578700196,0.02180115009325675,0.2781023837619865,0.3035134699622853,0.799699964275165,0.027614957207526405,0.7831558055020388,0.8155454426626108,0.9328220849150337,0.03514693211784349,0.9117236398678477,0.9532040171590329
I_min,RF,cnv+mrna,CNV+mRNA,10,0.3265481439326362,0.03576719223796659,0.30465382920714607,0.3468681051322126,0.005822272702833036,0.006963701068249757,0.0026384610661886287,0.010399415118566327,0.6500692483682142,0.04412772335608747,0.6240853313132816,0.6752041227788814,0.1019375157260364,0.017965088048072505,0.09193601631918569,0.11290157624630906,0.33237041663546923,0.03875453408132131,0.30985761468369954,0.3545140715694273,0.9766173923008505,0.021347036518726856,0.9635010665719563,0.9888865920297044,1.0843771807297198,0.01831674511594444,1.0739804886002289,1.095752602053436
I_min,RF,cnv+rppa,CNV+RPPA,10,0.32105294049765776,0.036943818416986705,0.29860240189241255,0.3425787483846325,0.01131747613781153,0.007397929518055074,0.007545984199991354,0.016215463668143446,0.3691654466010015,0.03423563854828165,0.3494539102867937,0.3898015846600394,0.137812021028199,0.019422989829081142,0.12631100419430963,0.14885310122835196,0.33237041663546923,0.03875453408132131,0.30940680964927275,0.3545662654599252,0.6902183870986592,0.020738419252628943,0.6778703598375209,0.7020961493009764,0.8393478842646698,0.023573020351347288,0.8264937310907537,0.8543674005229827
I_min,RF,mrna+rppa,mRNA+RPPA,10,0.6902183870986593,0.02073841925262895,0.6779507370225523,0.7021088907741782,0.2863990052021911,0.02547137267915277,0.2712096990094298,0.3011317868248616,1.1102230246251566e-17,3.510833468576701e-17,0.0,3.3306690738754695e-17,0.14245575213647438,0.01341918275587743,0.13515693735412918,0.1506035351942233,0.9766173923008505,0.021347036518726856,0.9636823332393819,0.9887639644904475,0.6902183870986592,0.020738419252628943,0.6779075744983701,0.7023448877729498,1.1190731444373245,0.02411148655601856,1.1039712018445256,1.1321910895805594
I_min,RF,mutations+cnv,Mutations+CNV,10,0.24320336347083543,0.030639969884959824,0.22500672380481346,0.2606238080770877,0.0769526860622758,0.02984510395022934,0.0609396946677807,0.09615428262917881,0.08916705316463386,0.011338022092923802,0.0822766985641588,0.09554899129023783,0.15169936217873728,0.018608376087734906,0.14023966089542977,0.1619124847213008,0.3201560495331112,0.013536008248407986,0.312330404467836,0.3282842031593153,0.33237041663546923,0.03875453408132131,0.3089888487168882,0.3545052260669209,0.5610224648764823,0.029695591874978604,0.5442523655382193,0.5783750295259469
I_min,RF,mutations+mrna,Mutations+mRNA,10,0.3201560495331113,0.013536008248407954,0.31248095962876604,0.3283269518322605,1.6653345369377347e-17,2.6814433536895163e-17,0.0,3.3306690738754695e-17,0.656461342767739,0.026683746111327004,0.6416626106714605,0.672770195965199,0.06292154382204285,0.008845643803296057,0.05764390370630129,0.06811030648593958,0.3201560495331112,0.013536008248407986,0.31255532648131756,0.3282328429566403,0.9766173923008505,0.021347036518726856,0.963893846323347,0.9885457345227896,1.0395389361228933,0.024497435484899174,1.024735752754236,1.05390329295856
I_min,RF,mutations+rppa,Mutations+RPPA,10,0.3201560495331113,0.013536008248407954,0.3124915602019135,0.328066742072909,1.6653345369377347e-17,2.6814433536895163e-17,0.0,3.3306690738754695e-17,0.3700623375655479,0.02436736062450239,0.35576118674129165,0.3844608991784883,0.13069263498380843,0.010923235780105815,0.12372535047364643,0.13646734534332075,0.3201560495331112,0.013536008248407986,0.3125385650135809,0.32826574248879825,0.6902183870986592,0.020738419252628943,0.6777954118550118,0.7025845315366445,0.8209110220824675,0.02226112948487908,0.8080764706166266,0.8347304937776112
I_min,SVM,cnv+mrna,CNV+mRNA,10,0.5222014957390277,0.01885949276878827,0.511258932793716,0.5332706367946479,0.002546820373607428,0.0038054092574373814,0.0005579380258268652,0.004973655529149404,0.7781815988669656,0.029844977411283634,0.7583646932439567,0.7935936703553448,0.08145924782730776,0.009361324501899375,0.07626908255384902,0.08716600979835837,0.5247483161126351,0.016160191032905027,0.5158566975322834,0.5347521497718475,1.300383094605993,0.023066710874615422,1.287090803190616,1.3138040288300166,1.3843891628069085,0.025106558617294616,1.3692467737681813,1.3987546857332738
I_min,SVM,cnv+rppa,CNV+RPPA,10,0.4721431422554575,0.02195983185974296,0.4593672972349946,0.4850860972744958,0.052605173857177646,0.00804853896655114,0.048160941314990664,0.05754624762490476,0.4236098605729124,0.03352527926559548,0.40445081458143883,0.443507275005548,0.14337402892734946,0.01313444475697154,0.1354133635184933,0.15081427116981938,0.5247483161126351,0.016160191032905027,0.5157356897274753,0.5346483227160062,0.8957530028283699,0.020325179247318175,0.8838285440545157,0.9077267304998441,1.091732205612897,0.020298365915102323,1.0800256779608455,1.1036893036966762
I_min,SVM,mrna+rppa,mRNA+RPPA,10,0.8956851912723423,0.02026146574849679,0.8838869444593699,0.9076345769905954,0.40469790333365097,0.022011772316793392,0.39144907453827404,0.4174107012094806,6.781155602767486e-05,0.00021443896872733856,1.1102230246251566e-17,0.00020343466808290245,0.10470021890220194,0.008716138442377563,0.09962772319792855,0.1097866375847643,1.300383094605993,0.023066710874615422,1.2865759315791379,1.3139954436214893,0.8957530028283699,0.020325179247318175,0.8839649754302042,0.9076973915330814,1.4051511250642228,0.021338770155793493,1.3924716082914024,1.4176976570548034
I_min,SVM,mutations+cnv,Mutations+CNV,10,0.32270775417051223,0.008019922727552108,0.31773148796655376,0.3270280651395578,0.032154584831360515,0.008276964642338189,0.02738635002542955,0.03703853248915973,0.20204056194212283,0.012213675460026401,0.19505762245580385,0.2092591259561501,0.23567421293876908,0.010579568210659763,0.22935909284554581,0.2416462976582656,0.3548623390018728,0.008576837288203902,0.35007943602142616,0.35994579071167787,0.5247483161126351,0.016160191032905027,0.5157841270851575,0.5346821096897654,0.7925771138827647,0.012978763589511815,0.784430008861502,0.7997219931358939
I_min,SVM,mutations+mrna,Mutations+mRNA,10,0.35486233900187286,0.008576837288203966,0.34985041256065785,0.3601409325129633,2.2204460492503132e-17,7.021666937153402e-17,0.0,6.661338147750939e-17,0.9455207556041204,0.023790904386165615,0.9315421132478082,0.9594620607369091,0.05098309402373916,0.006521912923788934,0.0475243825955225,0.05514813403596326,0.3548623390018728,0.008576837288203902,0.34987857861605315,0.36015632376079576,1.300383094605993,0.023066710874615422,1.2866908248416236,1.313660721470384,1.3513661886297323,0.02195077669164309,1.3382396768118943,1.3638784768091237
I_min,SVM,mutations+rppa,Mutations+RPPA,10,0.35425474178286337,0.00871657529528504,0.3492634911884482,0.3594542565895601,0.000607597219009487,0.00137542263069352,0.0,0.001625273607723865,0.5414982610455066,0.02193654298654488,0.5285304587585299,0.5545084621339729,0.14831212691827012,0.013320394409630894,0.13985656426927834,0.15526764616642597,0.3548623390018728,0.008576837288203902,0.34986744588427565,0.36005539273552245,0.8957530028283699,0.020325179247318175,0.883872763626744,0.9076588710357546,1.0446727269656495,0.018822966983840252,1.0336115819713825,1.0555136246994636
I_min,XGB,cnv+mrna,CNV+mRNA,10,0.42347052563828846,0.032033166669678606,0.4035256524691561,0.44148940553590305,0.0004208214429463009,0.0013307542479488314,0.0,0.001262464328838858,0.7143985400328792,0.033488551350141026,0.6941860365669784,0.7338168876089805,0.09398874316934121,0.013584176225834002,0.08646307092065314,0.10253407248446678,0.42389134708123477,0.03271468644395336,0.4038927513134525,0.44228063563487907,1.1378690656711676,0.019196406889084087,1.1266682499999903,1.1492685345493083,1.232278630283455,0.025010686276977757,1.2177400307980766,1.2471820206716162
I_min,XGB,cnv+rppa,CNV+RPPA,10,0.4056816221097604,0.03053788917929654,0.3873164604790108,0.42249953035322196,0.018209724971474366,0.007182925669074998,0.014093637976597852,0.022584542002688487,0.39401834216540466,0.04007736011749115,0.3710127890005651,0.4178598367840621,0.13448102744957519,0.0193082186371419,0.12378917640433788,0.14609265594804616,0.42389134708123477,0.03271468644395336,0.4034410528256892,0.44258421150323046,0.799699964275165,0.027614957207526405,0.7829609732871294,0.8158096263081221,0.9523907166962147,0.03294985507686099,0.9313942299499299,0.9704016421414356
I_min,XGB,mrna+rppa,mRNA+RPPA,10,0.7996999642751652,0.027614957207526457,0.7833616968178349,0.8155433350532085,0.3381691013960023,0.023945704265760082,0.32368569323613267,0.351955571125551,1.1102230246251566e-17,3.510833468576701e-17,0.0,3.3306690738754695e-17,0.13846349141405265,0.021070806189119367,0.12659995593902232,0.1509629673663978,1.1378690656711676,0.019196406889084087,1.126650782237117,1.1489951144389106,0.799699964275165,0.027614957207526405,0.7832178332850097,0.8154545363916504,1.27633255708522,0.02580568544717738,1.261020031603805,1.2913870699825871
I_min,XGB,mutations+cnv,Mutations+CNV,10,0.2874970046833414,0.021046385432957473,0.2744571341699587,0.2990721907925234,0.004249653186678246,0.005692768192706104,0.0011834512571731403,0.007841136606162168,0.13639434239789341,0.02480781900339369,0.12161553070528906,0.15054272188404513,0.19435057387604723,0.012544964178081425,0.18719689720369637,0.2018211720241268,0.2917466578700196,0.02180115009325675,0.2785302163584317,0.3037623902413689,0.42389134708123477,0.03271468644395336,0.40425716759808117,0.4420268417741613,0.6224915741439603,0.03442147830405869,0.601562373721797,0.6423721695024645
I_min,XGB,mutations+mrna,Mutations+mRNA,10,0.29174665787001963,0.02180115009325682,0.27837642578109295,0.30361582177815355,1.3877787807814457e-17,4.3885418357208765e-17,0.0,4.163336342344337e-17,0.846122407801148,0.03208368234509816,0.8280569312648676,0.8654286963184799,0.06322271696506043,0.011175082542004219,0.05680542794422294,0.07000821151554301,0.2917466578700196,0.02180115009325675,0.27829800424965784,0.3038141414264961,1.1378690656711676,0.019196406889084087,1.1266144551882082,1.1495816373245011,1.201091782636228,0.021259155075495046,1.1887757068004643,1.2135965272342286
I_min,XGB,mutations+rppa,Mutations+RPPA,10,0.28899436591771777,0.020970854970232086,0.27572709418239966,0.3006345361261944,0.0027522919523018524,0.0046347193056144355,0.000343004056892679,0.005784297838619895,0.5107055983574473,0.03383388282553004,0.49117297077974803,0.5309403038756189,0.13036982868756697,0.0163473361767572,0.1212244841340364,0.1401788023007176,0.2917466578700196,0.02180115009325675,0.27816825355605607,0.3038973749214592,0.799699964275165,0.027614957207526405,0.7833946097574213,0.8155034199078917,0.9328220849150337,0.03514693211784349,0.9121572406747032,0.9532712740136607
